{
  "name": "sky_orchards:lead",
  "mod": "sky_orchards",
  "sapling": {
    "name": "sky_orchards:sapling_lead",
    "data": 0
  },
  "growTimeMultiplier": 1.0,
  "drops": [
    {
      "name": "sky_orchards:log_lead",
      "data": 0,
      "type": "WOOD"
    },
    {
      "name": "sky_orchards:sapling_lead",
      "data": 0,
      "type": "SAPLING"
    },
    {
      "name": "sky_orchards:leaves_lead",
      "data": 0,
      "type": "LEAVES"
    },
    {
      "name": "sky_orchards:acorn_lead",
      "data": 0,
      "type": "FRUIT"
    }
  ]
}