{
  "name": "sky_orchards:endurium",
  "mod": "sky_orchards",
  "sapling": {
    "name": "sky_orchards:sapling_endurium",
    "data": 0
  },
  "growTimeMultiplier": 1.0,
  "drops": [
	{
	  "name": "minecraft:ender_pearl",
	  "data": 0,
	  "type": "STICK"
	},
    {
      "name": "sky_orchards:log_endurium",
      "data": 0,
      "type": "WOOD"
    },
    {
      "name": "sky_orchards:sapling_endurium",
      "data": 0,
      "type": "SAPLING"
    },
    {
      "name": "sky_orchards:leaves_endurium",
      "data": 0,
      "type": "LEAVES"
    },
    {
      "name": "sky_orchards:acorn_endurium",
      "data": 0,
      "type": "FRUIT"
    }
  ]
}