{
  "type": "sky_orchards:greencrystal",
  "version": 2,
  "ref": {
    "a": {
      "name": "sky_orchards:log_greencrystal",
      "meta": 0
    },
    "b": {
      "name": "sky_orchards:leaves_greencrystal",
      "meta": 0
    }
  },
  "shape": [
    [
      "     ",
      "     ",
      "bbbb ",
      " bbb ",
      "     ",
      "     "
    ],
    [
      "  b  ",
      "  bb ",
      "bbbbb",
      "bbbbb",
      "     ",
      "     "
    ],
    [
      " bbb ",
      " bab ",
      "bbabb",
      "bbabb",
      "  a  ",
      "  a  "
    ],
    [
      "  b  ",
      " bbb ",
      "bbbbb",
      "bbbbb",
      "     ",
      "     "
    ],
    [
      "     ",
      "     ",
      "bbbbb",
      " bbbb",
      "     ",
      "     "
    ]
  ]
}
