{
  "name": "sky_orchards:quartz",
  "mod": "sky_orchards",
  "sapling": {
    "name": "sky_orchards:sapling_quartz",
    "data": 0
  },
  "growTimeMultiplier": 1.0,
  "drops": [
    {
      "name": "minecraft:netherrack",
      "data": 0,
      "type": "STICK"
    },
    {
      "name": "sky_orchards:resin_quartz",
      "data": 0,
      "type": "WOOD"
    },
    {
      "name": "sky_orchards:sapling_quartz",
      "data": 0,
      "type": "SAPLING"
    },
    {
      "name": "sky_orchards:leaves_quartz",
      "data": 0,
      "type": "LEAVES"
    },
    {
      "name": "sky_orchards:acorn_quartz",
      "data": 0,
      "type": "FRUIT"
    }
  ]
}
