{
  "name": "sky_orchards:copper",
  "mod": "sky_orchards",
  "sapling": {
    "name": "sky_orchards:sapling_copper",
    "data": 0
  },
  "growTimeMultiplier": 1.0,
  "drops": [
    {
      "name": "sky_orchards:resin_copper",
      "data": 0,
      "type": "WOOD"
    },
    {
      "name": "sky_orchards:sapling_copper",
      "data": 0,
      "type": "SAPLING"
    },
    {
      "name": "sky_orchards:leaves_copper",
      "data": 0,
      "type": "LEAVES"
    },
    {
      "name": "sky_orchards:acorn_copper",
      "data": 0,
      "type": "FRUIT"
    }
  ]
}
