{
    "images":
    {
		"image_001":
        {
            "image" : "custom:textures/mainmenu/menu_01.png",
            "posX" : 4,
            "posY" : 0,
            "width" : 210,
            "height" : 512,
            "alignment" : "top_left"
        },

        "title":
        {
            "image" : "custom:textures/mainmenu/icon_01.png",
            "posX" : 10,
            "posY" : 10,
            "width" : 256,
            "height" : 64,
            "alignment" : "top_left"
        },

        "title_2":
        {
            "image" : "custom:textures/mainmenu/icon_02.png",
            "posX" : 20,
            "posY" : 53,
            "width" : 256,
            "height" : 64,
            "alignment" : "top_left"
        },

		"title_3":
        {
            "image" : "custom:textures/mainmenu/icon_03.png",
            "posX" : 180,
            "posY" : 100,
            "width" : 64,
            "height" : 64,
            "alignment" : "top_left"
        }
    },

    "buttons":
    {
        "singleplayer":
        {
            "text" : "menu.singleplayer",
            "posX" : -300,
            "posY" : 48,
            "width" : 200,
            "height" : 20,
            "action" :
            {
                "type" : "openGui",
                "gui" : "singleplayer"
            }
        },

        "multiplayer":
        {
            "text" : "menu.multiplayer",
            "posX" : -300,
            "posY" : 72,
            "width" : 200,
            "height" : 20,
            "action" :
            {
                "type" : "openGui",
                "gui" : "multiplayer"
            }
        },

        "mods":
        {
            "text" : "fml.menu.mods",
            "posX" : -300,
            "posY" : 96,
            "width" : 200,
            "height" : 20,
            "action" :
            {
                "type" : "openGui",
                "gui" : "mods"
            }
        },

        "options":
        {
            "text" : "menu.options",
            "posX" : -300,
            "posY" : 120,
            "width" : 98,
            "height" : 20,
            "action" :
            {
                "type" : "openGui",
                "gui" : "options"
            }
        },

        "quit":
        {
            "text" : "menu.quit",
            "posX" : -198,
            "posY" : 120,
            "width" : 98,
            "height" : 20,
            "action" :
            {
                "type" : "quit"
            }
        },

        "language":
        {
            "text" : "",
            "posX" : -300,
            "posY" : 144,
            "width" : 20,
            "height" : 20,
            "action" :
            {
                "type" : "openGui",
                "gui" : "languages"
            }
        },

        "refresh":
        {
            "text" : "",
            "posX" : -276,
            "posY" : 144,
            "width" : 20,
            "height" : 20,
            "texture" : "custommainmenu:textures/gui/buttons.png",
            "action" :
            {
                "type" : "refresh"
            }
        }
    },

    "labels":
    {
        "mojang":
        {
            "text" : "Copyright Mojang AB. Do not distribute!",
            "hoverText" : "�nCopyright Mojang AB. Do not distribute!",
            "posX" : -197,
            "posY" : -10,
            "color" : -1,
            "alignment" : "bottom_right",
            "action" :
            {
                "type" : "openGui",
                "gui" : "credits"
            }
        },

		"SEII":
        {
            "text" : "§6Version: 1.7.3",
            "posX" : 12,
            "posY" : 104,
            "color" : -1,
            "alignment" : "top_left",
            "action" :
            {
                "type" : "openLink",
                "link" : "https://minecraft.curseforge.com/projects/smart-engineering-ii"
            }
        },

        "fml":
        {
            "text" : "",
            "posX" : 10,
            "posY" : -46,
            "color" : -1,
            "alignment" : "bottom_left"
        }
    },

    "other":
    {
        "splash-text":
        {
            "posX" : 200,
            "posY" : -100,
            "color" : -256,
            "alignment" : "bottom_left",
            "texts" : "file:custom:splash/splashes.txt"
        },

        "panorama":
        {
            "images" : "custom:textures/mainmenu/panorama_%c.png",
            "animate" : true,
            "animationSpeed" : 1,
            "blur" : true,
            "gradient" : true
        }
    }
}
