{
  "name": "sky_orchards:water",
  "mod": "sky_orchards",
  "sapling": {
    "name": "sky_orchards:sapling_water",
    "data": 0
  },
  "growTimeMultiplier": 1.0,
  "drops": [
    {
      "name": "minecraft:iron_ingot",
      "data": 0,
      "type": "STICK"
    },
    {
      "name": "sky_orchards:resin_water",
      "data": 0,
      "type": "WOOD"
    },
    {
      "name": "sky_orchards:sapling_water",
      "data": 0,
      "type": "SAPLING"
    },
    {
      "name": "sky_orchards:leaves_water",
      "data": 0,
      "type": "LEAVES"
    },
    {
      "name": "sky_orchards:acorn_water",
      "data": 0,
      "type": "FRUIT"
    }
  ]
}
