{
  "name": "sky_orchards:gravel",
  "mod": "sky_orchards",
  "sapling": {
    "name": "sky_orchards:sapling_gravel",
    "data": 0
  },
  "growTimeMultiplier": 1.0,
  "drops": [
    {
      "name": "sky_orchards:resin_gravel",
      "data": 0,
      "type": "WOOD"
    },
    {
      "name": "sky_orchards:sapling_gravel",
      "data": 0,
      "type": "SAPLING"
    },
    {
      "name": "sky_orchards:leaves_gravel",
      "data": 0,
      "type": "LEAVES"
    },
    {
      "name": "sky_orchards:acorn_gravel",
      "data": 0,
      "type": "FRUIT"
    }
  ]
}
